{
    "model_29": {
        "activations": 103.59843845199794,
        "distances": 1.1960117960115895,
        "pds": 3709.1096133709652,
        "_total": 3814.344716488966
    },
    "model_30": {
        "activations": 22.51353843603283,
        "distances": 0.6763239550055005,
        "pds": 146.97490512795048,
        "_total": 170.85058673098683
    },
    "model_31": {
        "activations": 97.19707705796463,
        "distances": 0.6054992410354316,
        "pds": 214.71708231396042,
        "_total": 312.9399712450104
    },
    "model_84": {
        "activations": 20.66108686994994,
        "distances": 0.5463955799932592,
        "pds": 13.558536339958664,
        "_total": 35.24133681401145
    },
    "model_85": {
        "activations": 77.10890446597477,
        "distances": 0.6115033699898049,
        "pds": 17.782572170021012,
        "_total": 96.02014685998438
    },
    "model_86": {
        "activations": 19.900697142002173,
        "distances": 0.5567909569945186,
        "pds": 10.060505597037263,
        "_total": 30.893824686994776
    },
    "model_87": {
        "activations": 79.94896007399075,
        "distances": 0.5892387450439855,
        "pds": 10.537229513982311,
        "_total": 91.45194181898842
    },
    "model_88": {
        "activations": 20.404635173967108,
        "distances": 0.5549446599907242,
        "pds": 9.433745782996994,
        "_total": 30.77438224805519
    },
    "model_89": {
        "activations": 80.88372717500897,
        "distances": 0.6406304700067267,
        "pds": 7.058620247000363,
        "_total": 89.02164185099537
    },
    "model_90": {
        "activations": 20.38164284499362,
        "distances": 0.5642860400257632,
        "pds": 6.707023751980159,
        "_total": 28.032601744984277
    },
    "model_91": {
        "activations": 83.4361897619674,
        "distances": 0.616843900992535,
        "pds": 6.683591456967406,
        "_total": 91.19193058897508
    },
    "model_92": {
        "activations": 20.579435185005423,
        "distances": 0.5533852259977721,
        "pds": 353.29138574999524,
        "_total": 374.7872698660358
    },
    "model_93": {
        "activations": 99.17612813401502,
        "distances": 0.6430902690044604,
        "pds": 248.41170296998462,
        "_total": 348.75103141600266
    },
    "model_94": {
        "activations": 21.423080630018376,
        "distances": 0.5683256769552827,
        "pds": 17.782776163949165,
        "_total": 40.24626800097758
    },
    "model_95": {
        "activations": 101.44148327497533,
        "distances": 0.626023929042276,
        "pds": 18.330077302991413,
        "_total": 120.8698689279845
    },
    "model_148": {
        "activations": 20.881604370020796,
        "distances": 0.5584793230518699,
        "pds": 27.687887399981264,
        "_total": 49.48988298099721
    },
    "model_149": {
        "activations": 96.7967482500244,
        "distances": 0.6496882710489444,
        "pds": 34.6533749079681,
        "_total": 132.54842728801304
    },
    "model_150": {
        "activations": 20.633624013047665,
        "distances": 0.5546292170183733,
        "pds": 9.03577951999614,
        "_total": 30.78590176696889
    },
    "model_151": {
        "activations": 83.16553862398723,
        "distances": 0.6037199629936367,
        "pds": 11.188738828001078,
        "_total": 95.39040254097199
    },
    "model_152": {
        "activations": 21.128307992999908,
        "distances": 0.5755187529721297,
        "pds": 9.481645627995022,
        "_total": 31.6208191869664
    },
    "model_153": {
        "activations": 80.61485709197586,
        "distances": 0.5978072870057076,
        "pds": 9.818273268057965,
        "_total": 91.49125163903227
    },
    "model_154": {
        "activations": 20.882611171982717,
        "distances": 0.5556818829500116,
        "pds": 6.649889077991247,
        "_total": 28.518519225995988
    },
    "model_155": {
        "activations": 79.03907885198714,
        "distances": 0.6172265479690395,
        "pds": 10.25142268196214,
        "_total": 90.37598558701575
    },
    "model_156": {
        "activations": 20.305647829023656,
        "distances": 0.5669994810014032,
        "pds": 34047.53096899297,
        "_total": 34068.89902198402
    }
}