{
    "model_20": {
        "activations": 28.522661301016342,
        "_total": 28.842666050011758
    }
}