{
    "model_20": {
        "activations": 33.56899684900418,
        "distances": 0.9178423580015078,
        "pds": 46.077612883993424,
        "_total": 81.02393258002121
    },
    "model_21": {
        "activations": 148.13704595598392,
        "distances": 0.7301359450211748,
        "pds": 17.71070116298506,
        "_total": 166.9984280730132
    },
    "model_22": {
        "activations": 25.29475459497189,
        "distances": 0.6308857709518634,
        "pds": 8.368246007943526,
        "_total": 34.672385661979206
    },
    "model_23": {
        "activations": 108.81774647498969,
        "distances": 0.787142404995393,
        "pds": 45.476704475993756,
        "_total": 155.5280169690377
    },
    "model_24": {
        "activations": 21.747080161992926,
        "distances": 0.596207824011799,
        "pds": 11.395890443003736,
        "_total": 34.29842932702741
    },
    "model_25": {
        "activations": 102.41172238800209,
        "distances": 0.6308239389909431,
        "pds": 38.51661569799762,
        "_total": 141.99003080197144
    },
    "model_26": {
        "activations": 20.4061774329748,
        "distances": 0.5479573599877767,
        "pds": 14.578949239046779,
        "_total": 35.90174678299809
    },
    "model_27": {
        "activations": 87.26368198305136,
        "distances": 0.6076916250167415,
        "pds": 19.483003435947467,
        "_total": 107.78747630800353
    },
    "model_28": {
        "activations": 20.442003081028815,
        "distances": 0.5786444029654376,
        "pds": 431.48773048003204,
        "_total": 452.8809724159655
    },
    "model_29": {
        "activations": 89.03502321703127,
        "distances": 0.5729546299553476,
        "pds": 1842.4766652580001,
        "_total": 1932.4849583220202
    }
}