{
    "model_20": {
        "activations": 20.79142766701989,
        "_total": 21.125312328978907
    }
}