{
    "model_222": {
        "activations": 22.501280246999997,
        "distances": 0.5777502530000049,
        "pds": 38.62345924899999,
        "_total": 62.021731954
    },
    "model_223": {
        "activations": 102.899453077,
        "distances": 0.7280344769999942,
        "pds": 60.21708127900001,
        "_total": 164.184879886
    },
    "model_532": {
        "activations": 7.02109717899998,
        "distances": 0.6215374269999643,
        "pds": 29.29973464599999,
        "_total": 37.274319765
    },
    "model_533": {
        "activations": 22.154779081000015,
        "distances": 0.5981931420000137,
        "pds": 20.182676419000018,
        "_total": 43.26065022800003
    },
    "model_534": {
        "activations": 7.333815188000017,
        "distances": 0.663226581999993,
        "pds": 26.44250968700004,
        "_total": 34.671480298999995
    },
    "model_535": {
        "activations": 21.843005009000024,
        "distances": 0.5654630050000264,
        "pds": 11.71034531700002,
        "_total": 34.41898450899998
    },
    "model_536": {
        "activations": 7.013818293000043,
        "distances": 0.584336952000001,
        "pds": 8.503740127000015,
        "_total": 16.331006660000014
    },
    "model_537": {
        "activations": 22.893468487999996,
        "distances": 0.6198411910000345,
        "pds": 8.277126701999975,
        "_total": 32.10011681999998
    },
    "model_538": {
        "activations": 7.014091581999992,
        "distances": 0.5992004319999751,
        "pds": 10.476879783000015,
        "_total": 18.305744326000024
    },
    "model_539": {
        "activations": 24.13429600500001,
        "distances": 0.5722598840000046,
        "pds": 12.599653260999958,
        "_total": 37.605863276000036
    },
    "model_540": {
        "activations": 8.741225292000024,
        "distances": 0.6471152110000276,
        "pds": 11.704140780999978,
        "_total": 21.338692002000016
    },
    "model_541": {
        "activations": 25.35335006699995,
        "distances": 0.5674635820000731,
        "pds": 8.515507213999967,
        "_total": 34.78409722899994
    },
    "model_542": {
        "activations": 9.191463753999983,
        "distances": 0.6647807109999349,
        "pds": 8.850027216000058,
        "_total": 19.064661928000078
    },
    "model_543": {
        "activations": 21.14319552799998,
        "distances": 0.647615887000029,
        "pds": 9.00415210899996,
        "_total": 31.096230284000058
    },
    "model_596": {
        "activations": 8.087730703000034,
        "distances": 0.6459513319999814,
        "pds": 18.041349610999987,
        "_total": 27.02115857499996
    },
    "model_597": {
        "activations": 22.37975627200001,
        "distances": 0.5582067199999301,
        "pds": 15.160300276000044,
        "_total": 38.36860451200005
    },
    "model_598": {
        "activations": 7.279674214000011,
        "distances": 0.619346725000014,
        "pds": 8.670831362000058,
        "_total": 16.813454748000026
    },
    "model_599": {
        "activations": 22.410020354999915,
        "distances": 0.652602070999933,
        "pds": 7.539446306999935,
        "_total": 30.929489843000056
    },
    "model_600": {
        "activations": 8.782186920000072,
        "distances": 0.639363722999974,
        "pds": 11.673673078999968,
        "_total": 21.358765509000023
    },
    "model_601": {
        "activations": 21.00729925899998,
        "distances": 0.5627071559999877,
        "pds": 10.077012273000037,
        "_total": 32.062299247000055
    },
    "model_602": {
        "activations": 9.798966726000003,
        "distances": 0.7868844690000287,
        "pds": 13.30738645300005,
        "_total": 24.258539421000023
    },
    "model_603": {
        "activations": 24.59402269599991,
        "distances": 0.8494783270000426,
        "pds": 11.964544693999983,
        "_total": 37.80932872699998
    },
    "model_604": {
        "activations": 7.8633566130000645,
        "distances": 0.9055716679999932,
        "pds": 23.236125554999944,
        "_total": 32.25719921899997
    },
    "model_605": {
        "activations": 25.650743834999957,
        "distances": 0.5645838130000129,
        "pds": 12.44428395400007,
        "_total": 38.93611152599999
    },
    "model_606": {
        "activations": 8.019422845000008,
        "distances": 0.5687692829999378,
        "pds": 12.815319756999997,
        "_total": 21.678841459999944
    },
    "model_607": {
        "activations": 24.64244901799998,
        "distances": 1.366106531000014,
        "pds": 12.698309374000019,
        "_total": 38.99683381099999
    },
    "model_660": {
        "activations": 7.06983000799994,
        "distances": 0.6466273730000012,
        "pds": 13.035757871999976,
        "_total": 21.005771134000042
    },
    "model_661": {
        "activations": 22.73014587800003,
        "distances": 0.5656121590000112,
        "pds": 15.674645726999984,
        "_total": 39.2883348659999
    },
    "model_662": {
        "activations": 6.853171516000202,
        "distances": 0.6166833990000669,
        "pds": 12.728585336999913,
        "_total": 20.46371950899993
    },
    "model_663": {
        "activations": 22.51722215599989,
        "distances": 0.5512282869999581,
        "pds": 12.292452078999986,
        "_total": 35.688814557000114
    },
    "model_664": {
        "activations": 7.575270544999967,
        "distances": 0.6484243990000778,
        "pds": 19.66590668899994,
        "_total": 28.13627630799988
    },
    "model_665": {
        "activations": 22.426389772999983,
        "distances": 0.5599368639998374,
        "pds": 13.925490923000098,
        "_total": 37.303392108000025
    },
    "model_666": {
        "activations": 6.803888080999968,
        "distances": 0.5768865689999529,
        "pds": 7.141777069,
        "_total": 14.771935793000011
    },
    "model_667": {
        "activations": 22.367385827999897,
        "distances": 0.5762954090000676,
        "pds": 11.185490614000173,
        "_total": 34.485314131999985
    },
    "model_668": {
        "activations": 7.483003838000059,
        "distances": 0.5467464859998472,
        "pds": 12.632225372999983,
        "_total": 20.910850525999876
    },
    "model_669": {
        "activations": 26.734865476000095,
        "distances": 0.6950065159999212,
        "pds": 13.893286467000053,
        "_total": 41.78556920699998
    },
    "model_670": {
        "activations": 7.43036083700008,
        "distances": 0.6307859389999066,
        "pds": 9.698410083999988,
        "_total": 18.00589323300005
    },
    "model_671": {
        "activations": 22.270829305000007,
        "distances": 0.5958041010001125,
        "pds": 8.516607257000032,
        "_total": 31.69973406500003
    },
    "model_724": {
        "activations": 7.185826528999996,
        "distances": 0.6193727919999219,
        "pds": 10.553571022999904,
        "_total": 18.618503344999908
    },
    "model_725": {
        "activations": 21.599324428000045,
        "distances": 0.6262679470000876,
        "pds": 9.470710251000128,
        "_total": 32.01514638899994
    },
    "model_726": {
        "activations": 7.715561621999996,
        "distances": 0.6704553939998732,
        "pds": 8.643553653000026,
        "_total": 17.287814819000005
    },
    "model_727": {
        "activations": 27.0111283440001,
        "distances": 0.6751243969999905,
        "pds": 7.962126170999909,
        "_total": 36.110119865000115
    },
    "model_728": {
        "activations": 7.361553678000064,
        "distances": 0.632733903000144,
        "pds": 11.379762187000097,
        "_total": 19.628089890999945
    },
    "model_729": {
        "activations": 21.308588826000005,
        "distances": 0.5994114580000769,
        "pds": 9.542657541999915,
        "_total": 31.774615495000035
    },
    "model_730": {
        "activations": 6.552019137000116,
        "distances": 0.580989167000098,