{
    "model_20": {
        "activations": 36.248854043,
        "_total": 36.470995208000005
    }
}