{
    "model_20": {
        "activations": 124.569764343,
        "_total": 124.825914951
    }
}