{
    "model_20": {
        "activations": 26.011032089,
        "_total": 26.248340744
    }
}