{
    "model_20": {
        "activations": 33.576913789,
        "_total": 33.835873447
    }
}