{
    "model_20": {
        "activations": 0.0003536490000008996,
        "_total": 0.26812815899999975
    }
}