{
    "model_20": {
        "activations": 124.864775745,
        "distances": 0.6949206520000075,
        "pds": 13.703750856,
        "_total": 139.543888313
    },
    "model_21": {
        "activations": 170.91185218700002,
        "_total": 171.29092087700002
    }
}