{
    "model_20": {
        "activations": 68.247724604,
        "_total": 68.490837822
    }
}