{
    "model_20": {
        "activations": 0.0004019150000011962,
        "_total": 0.32158251499999935
    }
}