{
    "model_21": {
        "activations": 108.445652013,
        "_total": 108.79830019799999
    }
}