{
    "model_20": {
        "activations": 26.284240032000003,
        "_total": 26.540478125
    }
}