{
    "model_21": {
        "activations": 206.686827789,
        "distances": 0.7093466240000055,
        "pds": 10.432764432999988,
        "_total": 218.221457279
    },
    "model_22": {
        "activations": 114.59684483899997,
        "distances": 0.6500783769999998,
        "pds": 9.797689004000006,
        "_total": 125.45250581700003
    },
    "model_23": {
        "activations": 137.96276731299997,
        "distances": 0.6387436819999834,
        "pds": 10.367888572000027,
        "_total": 149.29771552800003
    },
    "model_24": {
        "activations": 116.84031535600002,
        "distances": 0.8362059269999236,
        "pds": 12.89810541700001,
        "_total": 130.90723488599997
    },
    "model_25": {
        "activations": 176.49136052799997,
        "distances": 0.7305538430000524,
        "pds": 18.011880237000014,
        "_total": 195.58318026799998
    },
    "model_26": {
        "activations": 123.50416005400007,
        "distances": 0.7151457809999329,
        "pds": 39.203647503999946,
        "_total": 163.73880616200006
    },
    "model_27": {
        "activations": 149.23285546300008,
        "distances": 0.730013543000041,
        "pds": 91.53105860799997,
        "_total": 241.84231347700006
    },
    "model_28": {
        "activations": 129.65119101200003,
        "distances": 0.7383102720000352,
        "pds": 31.64280549099999,
        "_total": 162.388397188
    },
    "model_29": {
        "activations": 143.33045953099986,
        "distances": 0.71434390599984,
        "pds": 23.562235328000043,
        "_total": 167.9462494039999
    },
    "model_30": {
        "activations": 118.56217559499987,
        "distances": 0.677112409000074,
        "pds": 14.329290858999912,
        "_total": 133.82682535200001
    },
    "model_31": {
        "activations": 154.11277624900004,
        "distances": 0.7172299939998084,
        "pds": 23.894842165,
        "_total": 179.09314813600008
    },
    "model_84": {
        "activations": 125.85760534399992,
        "distances": 0.6738007999999809,
        "pds": 15.073157452000032,
        "_total": 141.94386504399995
    },
    "model_85": {
        "activations": 161.90308435299994,
        "distances": 0.7088037600001371,
        "pds": 12.07860906499991,
        "_total": 175.03769197500014
    },
    "model_86": {
        "activations": 120.1483633150001,
        "distances": 0.703568665000148,
        "pds": 9.595718346000012,
        "_total": 130.77381405899996
    },
    "model_87": {
        "activations": 181.9609017339999,
        "distances": 0.7479719299999488,
        "pds": 11.33789879799997,
        "_total": 194.38317699200024
    },
    "model_88": {
        "activations": 122.37175840300006,
        "distances": 0.7062041909998698,
        "pds": 15.004601077999723,
        "_total": 138.39705900299987
    },
    "model_89": {
        "activations": 149.00977621999982,
        "distances": 0.717915248999816,
        "pds": 16.792372710999643,
        "_total": 166.89767804899975
    },
    "model_90": {
        "activations": 132.3854104979996,
        "distances": 0.766324345999692,
        "pds": 21.350187933000143,
        "_total": 154.77348321499994
    },
    "model_91": {
        "activations": 157.75690104500018,
        "distances": 0.8090760049999517,
        "pds": 67.78699620599991,
        "_total": 226.69108880199974
    },
    "model_92": {
        "activations": 120.00531579800008,
        "distances": 0.6264665749999949,
        "pds": 14.608174720000079,
        "_total": 135.5026561169998
    },
    "model_93": {
        "activations": 173.69460413600018,
        "distances": 0.870379949999915,
        "pds": 14.112722106000092,
        "_total": 189.00851077499965
    },
    "model_94": {
        "activations": 129.40116838699987,
        "distances": 0.6529768109999168,
        "pds": 12.835616589999972,
        "_total": 143.37981502699995
    },
    "model_95": {
        "activations": 120.56644471200025,
        "distances": 0.6107307290003519,
        "pds": 9.493815922000067,
        "_total": 130.991911695
    },
    "model_148": {
        "activations": 108.75816871500001,
        "distances": 0.6364133560000482,
        "pds": 14.452687809000054,
        "_total": 124.2355410490004
    },
    "model_149": {
        "activations": 121.4642416429997,
        "distances": 0.6043941140001152,
        "pds": 11.734933588000331,
        "_total": 134.19648860999996
    },
    "model_150": {
        "activations": 213.3366773470002,
        "distances": 1.0274268210005175,
        "pds": 23.11701247000019,
        "_total": 237.7993287090003
    },
    "model_151": {
        "activations": 230.86736643099994,
        "distances": 0.8444671649995144,
        "pds": 13.320870522000405,
        "_total": 245.4773104169999
    },
    "model_152": {
        "activations": 171.95078295199983,
        "distances": 0.6948739340004977,
        "pds": 13.48714592700071,
        "_total": 186.42457952299992
    },
    "model_153": {
        "activations": 153.956963267,
        "distances": 0.6724133379993873,
        "pds": 13.076327667999976,
        "_total": 168.0732718399995
    },
    "model_154": {
        "activations": 141.94632518799972,
        "distances": 0.6462732129994038,
        "pds": 13.71492803700039,
        "_total": 156.5432392469993
    },
    "model_155": {
        "activations": 175.85319595300007,
        "distances": 0.7818857880001815,
        "pds": 58.962934236000365,
        "_total": 235.95540745899962
    },
    "model_156": {
        "activations": 140.336036099,
        "distances": 0.6319267020007828,
        "pds": 71.69859361399995,
        "_total": 213.13869367499956
    },
    "model_157": {
        "activations": 161.07724314999996,
        "distances": 0.6308741470002133,
        "pds": 27.706854953999937,
        "_total": 189.8563423580008
    },
    "model_158": {
        "activations": 143.94200599000033,
        "distances": 0.6172517779996269,
        "pds": 21.271652971999174,
        "_total": 166.14715988100033
    },
    "model_159": {
        "activations": 166.4949370129998,
        "distances": 0.6820013850001487,
        "pds": 14.043788465000034,
        "_total": 181.63313381599983
    },
    "model_212": {
        "activations": 153.59774916100014,
        "distances": 0.8736534700001357,
        "pds": 15.719552730999567,
        "_total": 170.5773880050001
    },
    "model_213": {
        "activations": 183.18395486700047,
        "distances": 1.0596457250003368,
        "pds": 13.382724086999588,
        "_total": 197.97418997400018
    },
    "model_214": {
        "activations": 166.04895241800023,
        "distances": 0.9812909579995903,
        "pds": 13.174589598999773,
        "_total": 180.52941326100063
    },
    "model_215": {
        "activations": 178.37468817199988,
        "distances": 0.8603383350000513,
        "pds": 16.007884790999924,
        "_total": 195.62148249500024
    },
    "model_216": {
        "activations": 162.60492798199994,
        "distances": 0.6622571300003983,
        "pds": 13.651519303999521,
        "_total": 177.37385150499995
    },
    "model_217": {
        "activations": 205.13636697499987,
        "distances": 1.2819125139994867,
        "pds": 22.12028847199963,
        "_total": 228.98587406000024
    },
    "model_218": {
        "activations": 194.52933507600028,
        "distances": 0.9993958539998857,
        "pds": 38.12984286499977,
        "_total": 233.99430463299996
    },
    "model_219": {
        "activations": 183.44978192800045,
        "distances": 0.9660565589992984,
        "pds": 44.85865793799985,
        "_total": 229.7065281109999
    },
    "model_220": {
        "activations": 141.03692158499962,
        "distances": 0.6428573630000756,
        "pds": 36.681743289000224,
        "_total": 178.69579287600027
    },
    "model_221": {
        "activations": 142.50364972700027,